<manifest><control namespace="SampleNamespace" constructor="LinearInputControl" version="1.4.0" display-name-key="LinearInputControl" description-key="LinearInputControl description" control-type="standard" api-version="1.3.5"><external-service-usage enabled="true"><domain>insights.viva.office.com</domain></external-service-usage><type-group name="string"><type>SingleLine.Text</type></type-group><property name="controlValue" display-name-key="Control Value" description-key="Control value description." of-type-group="string" default-value="Viva Insights" usage="bound" required="true" /><resources><code path="bundle.js" order="1" /><css path="css/LinearInputControl.css" order="1" /></resources><built-by name="pac" version="1.22.2" /></control></manifest>