<ImportExportXml xmlns:xsi="http://www.w3.org/2001/XMLSchema-instance">
  <Entities></Entities>
  <Roles></Roles>
  <Workflows></Workflows>
  <FieldSecurityProfiles></FieldSecurityProfiles>
  <Templates />
  <EntityMaps />
  <EntityRelationships />
  <OrganizationSettings />
  <optionsets />
  <CustomControls>
    <CustomControl>
      <Name>new_SampleNamespace.LinearInputControl</Name>
      <FileName>/Controls/new_SampleNamespace.LinearInputControl/ControlManifest.xml</FileName>
    </CustomControl>
  </CustomControls>
  <EntityDataProviders />
  <CanvasApps>
    <CanvasApp>
      <Name>new_test12123_70558</Name>
      <AppVersion>2023-05-17T11:08:10Z</AppVersion>
      <Status>Ready</Status>
      <CreatedByClientVersion>3.23051.23.0</CreatedByClientVersion>
      <MinClientVersion>3.23051.23.0</MinClientVersion>
      <Tags>{"primaryDeviceWidth":"1366","primaryDeviceHeight":"768","supportsPortrait":"true","supportsLandscape":"true","primaryFormFactor":"Tablet","publisherVersion":"3.23051.23","minimumRequiredApiVersion":"2.2.0","hasComponent":"false","hasUnlockedComponent":"false","isUnifiedRootApp":"false","sienaVersion":"20230515T083212Z-3.23044.18.0"}</Tags>
      <IsCdsUpgraded>0</IsCdsUpgraded>
      <GalleryItemId xsi:nil="true"></GalleryItemId>
      <BackgroundColor>RGBA(0,176,240,1)</BackgroundColor>
      <DisplayName>VivaInsightsTest</DisplayName>
      <Description xsi:nil="true"></Description>
      <CommitMessage xsi:nil="true"></CommitMessage>
      <Publisher xsi:nil="true"></Publisher>
      <AuthorizationReferences>[]</AuthorizationReferences>
      <ConnectionReferences>{}</ConnectionReferences>
      <DatabaseReferences>{"default.cds":{"databaseDetails":{"referenceType":"Environmental","environmentName":"default.cds","overrideValues":{"status":"NotSpecified"}},"dataSources":{},"components":[{"componentName":"CustomControl","identifier":"new_SampleNamespace.LinearInputControl","identifierType":"LogicalName","capabilities":{"pcfExternalServiceUsageAllowed":true}}]}}</DatabaseReferences>
      <AppComponents>[]</AppComponents>
      <AppComponentDependencies>[]</AppComponentDependencies>
      <CanConsumeAppPass>1</CanConsumeAppPass>
      <CanvasAppType>0</CanvasAppType>
      <BypassConsent>0</BypassConsent>
      <AdminControlBypassConsent>0</AdminControlBypassConsent>
      <EmbeddedApp xsi:nil="true"></EmbeddedApp>
      <IntroducedVersion>1.0</IntroducedVersion>
      <CdsDependencies>{"cdsdependencies":[{"dependencyid":"","logicalname":"new_SampleNamespace.LinearInputControl","componenttype":66,"componenttypeplatformname":"CustomControl"}]}</CdsDependencies>
      <IsCustomizable>1</IsCustomizable>
      <BackgroundImageUri>/CanvasApps/new_test12123_70558_BackgroundImageUri</BackgroundImageUri>
      <DocumentUri>/CanvasApps/new_test12123_70558_DocumentUri.msapp</DocumentUri>
    </CanvasApp>
    <CanvasApp>
      <Name>new_phonevivatest_e7f01</Name>
      <AppVersion>2023-05-19T15:48:34Z</AppVersion>
      <Status>Ready</Status>
      <CreatedByClientVersion>3.23051.23.0</CreatedByClientVersion>
      <MinClientVersion>3.23051.23.0</MinClientVersion>
      <Tags>{"primaryDeviceWidth":"640","primaryDeviceHeight":"1136","supportsPortrait":"true","supportsLandscape":"true","primaryFormFactor":"Phone","publisherVersion":"3.23051.23","minimumRequiredApiVersion":"2.2.0","hasComponent":"false","hasUnlockedComponent":"false","isUnifiedRootApp":"false","sienaVersion":"20230519T085103Z-3.23051.23.0"}</Tags>
      <IsCdsUpgraded>0</IsCdsUpgraded>
      <GalleryItemId xsi:nil="true"></GalleryItemId>
      <BackgroundColor>RGBA(0,176,240,1)</BackgroundColor>
      <DisplayName>phonevivatest</DisplayName>
      <Description xsi:nil="true"></Description>
      <CommitMessage xsi:nil="true"></CommitMessage>
      <Publisher xsi:nil="true"></Publisher>
      <AuthorizationReferences>[]</AuthorizationReferences>
      <ConnectionReferences>{}</ConnectionReferences>
      <DatabaseReferences>{"default.cds":{"databaseDetails":{"referenceType":"Environmental","environmentName":"default.cds","overrideValues":{"status":"NotSpecified"}},"dataSources":{},"components":[{"componentName":"CustomControl","identifier":"new_SampleNamespace.LinearInputControl","identifierType":"LogicalName","capabilities":{"pcfExternalServiceUsageAllowed":true}},{"componentName":"CustomControl","identifier":"new_SampleNamespace.LinearInputControl","identifierType":"LogicalName","capabilities":{"pcfExternalServiceUsageAllowed":true}}]}}</DatabaseReferences>
      <AppComponents>[]</AppComponents>
      <AppComponentDependencies>[]</AppComponentDependencies>
      <CanConsumeAppPass>1</CanConsumeAppPass>
      <CanvasAppType>0</CanvasAppType>
      <BypassConsent>0</BypassConsent>
      <AdminControlBypassConsent>0</AdminControlBypassConsent>
      <EmbeddedApp xsi:nil="true"></EmbeddedApp>
      <IntroducedVersion>1.0</IntroducedVersion>
      <CdsDependencies>{"cdsdependencies":[{"dependencyid":"","logicalname":"new_SampleNamespace.LinearInputControl","componenttype":66,"componenttypeplatformname":"CustomControl"},{"dependencyid":"","logicalname":"new_SampleNamespace.LinearInputControl","componenttype":66,"componenttypeplatformname":"CustomControl"}]}</CdsDependencies>
      <IsCustomizable>1</IsCustomizable>
      <BackgroundImageUri>/CanvasApps/new_phonevivatest_e7f01_BackgroundImageUri</BackgroundImageUri>
      <DocumentUri>/CanvasApps/new_phonevivatest_e7f01_DocumentUri.msapp</DocumentUri>
    </CanvasApp>
  </CanvasApps>
  <Languages>
    <Language>1033</Language>
  </Languages>
</ImportExportXml>